"","GO.ID","Term","Annotated","Significant","Expected","elimKS","medianFC","meanFC","minFC","maxFC","contrast"
"1","GO:0015976","carbon utilization","30","0","0","1.6e-06","0.9956793643695","0.984265442508233","0.854478190830567","1.20043687699446","CeO2_leaves-control_leaves_CeO2"
"2","GO:0006383","transcription from RNA polymerase III pr...","70","1","0","1.4e-05","0.98116679795283","0.994462674611315","0.445701507749334","2.29143314158843","CeO2_leaves-control_leaves_CeO2"
"3","GO:0006298","mismatch repair","39","0","0","4.7e-05","0.928384635637585","0.996081125263593","0.823784555695903","1.2687476806185","CeO2_leaves-control_leaves_CeO2"
"4","GO:0007131","reciprocal meiotic recombination","64","0","0","5.6e-05","0.976896738388517","0.985528447357542","0.699478531966859","1.46548509990248","CeO2_leaves-control_leaves_CeO2"
"5","GO:0015807","L-amino acid transport","22","0","0","6.5e-05","0.93469368451962","0.961919635786007","0.701007269526669","1.66014987273449","CeO2_leaves-control_leaves_CeO2"
"6","GO:0000724","double-strand break repair via homologou...","107","0","0","7.8e-05","0.975788190742273","0.964368621970241","0.651609124863262","1.46548509990248","CeO2_leaves-control_leaves_CeO2"
"7","GO:0009816","defense response to bacterium, incompati...","52","0","0","0.00015","0.964294629184272","0.970221652446187","0.685073907937191","1.3522752307706","CeO2_leaves-control_leaves_CeO2"
"8","GO:0009394","2'-deoxyribonucleotide metabolic process","17","0","0","0.00016","1.00052954616816","0.983182155631793","0.590816950024781","1.18542259159924","CeO2_leaves-control_leaves_CeO2"
"9","GO:0015804","neutral amino acid transport","26","0","0","0.00020","0.949219464327727","0.951588902085508","0.701007269526669","1.2345941606455","CeO2_leaves-control_leaves_CeO2"
"10","GO:0006885","regulation of pH","73","0","0","0.00037","0.976511125669906","1.01181965488484","0.709906146011989","1.61273240214089","CeO2_leaves-control_leaves_CeO2"
"11","GO:0006012","galactose metabolic process","39","0","0","0.00049","0.953361819442355","1.00018567203935","0.704749094301786","1.92081040061317","CeO2_leaves-control_leaves_CeO2"
"12","GO:0010078","maintenance of root meristem identity","18","0","0","0.00066","0.926633511736341","0.886907835433325","0.648821480808077","1.09497168328178","CeO2_leaves-control_leaves_CeO2"
"13","GO:0009089","lysine biosynthetic process via diaminop...","20","0","0","0.00104","0.973901728350952","0.980688668838067","0.819251359418345","1.25020696944534","CeO2_leaves-control_leaves_CeO2"
"14","GO:0009263","deoxyribonucleotide biosynthetic process","17","0","0","0.00105","1.00052954616816","1.03608543690351","0.940372408721849","1.46969489983577","CeO2_leaves-control_leaves_CeO2"
"15","GO:0009423","chorismate biosynthetic process","19","0","0","0.00112","0.890319167462271","0.934912518181267","0.769969593145267","1.24329434394856","CeO2_leaves-control_leaves_CeO2"
"16","GO:0006334","nucleosome assembly","83","0","0","0.00116","0.992512452467461","1.01209527952257","0.81338627919943","1.58501787412415","CeO2_leaves-control_leaves_CeO2"
"17","GO:0009396","folic acid-containing compound biosynthe...","35","0","0","0.00135","0.998338564123444","0.983133949200359","0.761299676119892","1.33833616749027","CeO2_leaves-control_leaves_CeO2"
"18","GO:0009084","glutamine family amino acid biosynthetic...","52","0","0","0.00146","1.00494601180007","1.00464495323711","0.782397299718093","1.19898524392285","CeO2_leaves-control_leaves_CeO2"
"19","GO:0046856","phosphatidylinositol dephosphorylation","42","0","0","0.00168","0.996660445608888","0.981668862221715","0.724460789158463","1.16914941060762","CeO2_leaves-control_leaves_CeO2"
"20","GO:0016073","snRNA metabolic process","54","0","0","0.00193","1.01993258760529","1.06227939990392","0.671639719659626","1.80510817183062","CeO2_leaves-control_leaves_CeO2"
"21","GO:1902358","sulfate transmembrane transport","29","0","0","0.00198","0.929035019477294","0.979386980561393","0.741917658664327","1.4379082402208","CeO2_leaves-control_leaves_CeO2"
"22","GO:0072530","purine-containing compound transmembrane...","39","0","0","0.00200","0.975403364689729","0.978800278867121","0.855935603524694","1.13063628249147","CeO2_leaves-control_leaves_CeO2"
"23","GO:0009113","purine nucleobase biosynthetic process","16","0","0","0.00201","0.955147407692841","0.958753383183535","0.787245367597364","1.04615832456856","CeO2_leaves-control_leaves_CeO2"
"24","GO:0009581","detection of external stimulus","111","0","0","0.00212","0.994327863194016","0.995103023985193","0.455720624929201","1.33317165740955","CeO2_leaves-control_leaves_CeO2"
"25","GO:0009582","detection of abiotic stimulus","111","0","0","0.00212","0.994327863194016","0.995103023985193","0.455720624929201","1.33317165740955","CeO2_leaves-control_leaves_CeO2"
"26","GO:0031929","TOR signaling","16","0","0","0.00216","0.942136508437853","0.98650335226424","0.879296086546692","1.37409086073337","CeO2_leaves-control_leaves_CeO2"
"27","GO:0046500","S-adenosylmethionine metabolic process","21","0","0","0.00224","0.9643642454184","0.94176447482739","0.734684968396084","1.1080127134276","CeO2_leaves-control_leaves_CeO2"
"28","GO:0051307","meiotic chromosome separation","19","0","0","0.00226","0.969975201222848","0.983287165966851","0.839175200699331","1.29225855719965","CeO2_leaves-control_leaves_CeO2"
"29","GO:0006122","mitochondrial electron transport, ubiqui...","21","0","0","0.00229","0.956476794608741","0.953560833773419","0.708466158283961","1.14537505293641","CeO2_leaves-control_leaves_CeO2"
"30","GO:0046686","response to cadmium ion","475","0","0.02","0.00230","1.02472380356069","1.03549083202959","0.560145723435256","1.91878599012732","CeO2_leaves-control_leaves_CeO2"
"31","GO:0010332","response to gamma radiation","16","0","0","0.00233","0.932824941331132","0.870156202763197","0.66625795302823","1.12374234174836","CeO2_leaves-control_leaves_CeO2"
"32","GO:0034629","cellular protein complex localization","24","0","0","0.00257","1.00490210453605","0.990350473703584","0.801250620515661","1.13290811358045","CeO2_leaves-control_leaves_CeO2"
"33","GO:0009627","systemic acquired resistance","78","0","0","0.00261","1.01118219348305","1.02239264431735","0.637755429970878","1.33833616749027","CeO2_leaves-control_leaves_CeO2"
"34","GO:0051415","interphase microtubule nucleation by int...","15","0","0","0.00262","0.935966158114973","0.950243799398757","0.830030419358653","1.13290811358045","CeO2_leaves-control_leaves_CeO2"
"35","GO:0032786","positive regulation of DNA-templated tra...","17","0","0","0.00264","0.968642359235511","0.958736508729837","0.819923748512165","1.10483010331733","CeO2_leaves-control_leaves_CeO2"
"36","GO:0034508","centromere complex assembly","22","0","0","0.00309","0.979822691246586","1.00025336674479","0.830933000677538","1.44888847033535","CeO2_leaves-control_leaves_CeO2"
"37","GO:0052325","cell wall pectin biosynthetic process","21","0","0","0.00325","0.959042505254724","0.92063321917666","0.628341541910249","1.13329719573249","CeO2_leaves-control_leaves_CeO2"
"38","GO:0009206","purine ribonucleoside triphosphate biosy...","86","0","0","0.00340","0.994368226265687","1.03744448800994","0.708466158283961","2.1874436017344","CeO2_leaves-control_leaves_CeO2"
"39","GO:0000226","microtubule cytoskeleton organization","171","0","0.01","0.00358","1.00129581034844","1.03088362506253","0.61201348277502","2.09798248191659","CeO2_leaves-control_leaves_CeO2"
"40","GO:0006555","methionine metabolic process","68","0","0","0.00361","1.01989435839302","1.02122898748797","0.734684968396084","1.417996181978","CeO2_leaves-control_leaves_CeO2"
"41","GO:0048544","recognition of pollen","122","0","0","0.00387","1.02853534746038","1.06134318965951","0.742157075608638","2.56484972186343","CeO2_leaves-control_leaves_CeO2"
"42","GO:0046939","nucleotide phosphorylation","141","0","0","0.00392","1.03031189738782","1.02195908229429","0.559185699408824","1.4850591694139","CeO2_leaves-control_leaves_CeO2"
"43","GO:0006310","DNA recombination","224","0","0.01","0.00400","0.976502383001388","0.993090310685457","0.651609124863262","1.9754971486101","CeO2_leaves-control_leaves_CeO2"
"44","GO:0098781","ncRNA transcription","22","0","0","0.00401","0.933102515648956","0.940264153478112","0.745815023829157","1.33176782645688","CeO2_leaves-control_leaves_CeO2"
"45","GO:0006412","translation","1206","0","0.04","0.00430","1.03133888175639","1.03540408098665","0.48186202684997","1.91878599012732","CeO2_leaves-control_leaves_CeO2"
"46","GO:0033260","nuclear DNA replication","15","0","0","0.00433","1.01175693207015","1.03080029177186","0.869911776129911","1.20658473645535","CeO2_leaves-control_leaves_CeO2"
"47","GO:0007029","endoplasmic reticulum organization","23","0","0","0.00440","0.940732516034078","0.9784768807734","0.782872261958126","1.14802999416381","CeO2_leaves-control_leaves_CeO2"
"48","GO:0010192","mucilage biosynthetic process","34","0","0","0.00444","1.00103395418413","1.04915683623231","0.800759267274063","1.78206995568804","CeO2_leaves-control_leaves_CeO2"
"49","GO:0051181","cofactor transport","33","0","0","0.00461","0.963533208885926","0.965982614464581","0.62141434752192","1.28395041798912","CeO2_leaves-control_leaves_CeO2"
"50","GO:0009734","auxin-activated signaling pathway","288","0","0.01","0.00463","1.01428583965226","1.0255304043848","0.533254646633925","1.70853501592179","CeO2_leaves-control_leaves_CeO2"
"51","GO:0051865","protein autoubiquitination","15","0","0","0.00484","0.951980073693701","0.976779506816229","0.826443720457752","1.2217921885425","CeO2_leaves-control_leaves_CeO2"
"52","GO:0005986","sucrose biosynthetic process","28","0","0","0.00486","1.01000240744454","1.07661613605269","0.709926689660756","1.74031867471876","CeO2_leaves-control_leaves_CeO2"
"53","GO:0090307","mitotic spindle assembly","16","0","0","0.00490","0.935966158114973","0.985937068196512","0.830030419358653","1.52133610016285","CeO2_leaves-control_leaves_CeO2"
"54","GO:0006167","AMP biosynthetic process","15","0","0","0.00501","1.00971006180114","0.989385751228169","0.918788285266281","1.11452433766712","CeO2_leaves-control_leaves_CeO2"
"55","GO:0071265","L-methionine biosynthetic process","30","0","0","0.00547","1.01768725541364","0.993583898816647","0.734684968396084","1.2811011648261","CeO2_leaves-control_leaves_CeO2"
"56","GO:0045003","double-strand break repair via synthesis...","17","0","0","0.00556","0.907611535201011","0.923052107690633","0.699478531966859","1.22133009835715","CeO2_leaves-control_leaves_CeO2"
"57","GO:0006535","cysteine biosynthetic process from serin...","33","0","0","0.00603","1.02129842095884","1.00269562475936","0.897743857420089","1.153950608755","CeO2_leaves-control_leaves_CeO2"
"58","GO:0046365","monosaccharide catabolic process","21","0","0","0.00604","1.0265850263668","0.99294817516222","0.704749094301786","1.45672919396854","CeO2_leaves-control_leaves_CeO2"
"59","GO:0009616","virus induced gene silencing","20","0","0","0.00619","0.975901878330665","0.999172517322921","0.803414849962885","1.29085926056472","CeO2_leaves-control_leaves_CeO2"
"60","GO:0040007","growth","767","0","0.02","0.00628","1.0254238188416","1.02871657919143","0.570335467143919","1.63039676871403","CeO2_leaves-control_leaves_CeO2"
"61","GO:0002098","tRNA wobble uridine modification","23","0","0","0.00634","0.938402817845822","0.962255936017548","0.856246209349539","1.12564143468435","CeO2_leaves-control_leaves_CeO2"
"62","GO:0007126","meiotic nuclear division","131","0","0","0.00635","0.980165333897944","0.988628953269587","0.699478531966859","1.62180418104505","CeO2_leaves-control_leaves_CeO2"
"63","GO:0010053","root epidermal cell differentiation","151","0","0","0.00636","1.02332685049227","1.0264473148294","0.570335467143919","1.45849926355966","CeO2_leaves-control_leaves_CeO2"
"64","GO:0046034","ATP metabolic process","240","0","0.01","0.00640","1.01331055035897","1.03404849215512","0.69201010172184","2.1874436017344","CeO2_leaves-control_leaves_CeO2"
"65","GO:0005978","glycogen biosynthetic process","24","0","0","0.00671","0.982368372356437","0.953305263641576","0.704749094301786","1.34398527739294","CeO2_leaves-control_leaves_CeO2"
"66","GO:0019430","removal of superoxide radicals","30","0","0","0.00714","0.979525625285447","1.01657975315923","0.734488940684282","1.38645826063292","CeO2_leaves-control_leaves_CeO2"
"67","GO:0010207","photosystem II assembly","24","0","0","0.00726","0.982361078890042","1.01175043590094","0.796140611348917","1.61760134773596","CeO2_leaves-control_leaves_CeO2"
"68","GO:0009561","megagametogenesis","84","0","0","0.00731","0.992185253218637","1.04789961081091","0.508153093517238","2.29143314158843","CeO2_leaves-control_leaves_CeO2"
"69","GO:0051171","regulation of nitrogen compound metaboli...","3991","1","0.13","0.00739","1.03302462276694","1.04258594691811","0.445701507749334","2.24187573425452","CeO2_leaves-control_leaves_CeO2"
"70","GO:0099132","ATP hydrolysis coupled cation transmembr...","126","0","0","0.00752","1.0199233226362","1.04990443753398","0.560145723435256","2.1874436017344","CeO2_leaves-control_leaves_CeO2"
"71","GO:0009088","threonine biosynthetic process","15","0","0","0.00761","0.973901728350952","0.97642437353962","0.868588573953198","1.13174967307706","CeO2_leaves-control_leaves_CeO2"
"72","GO:0030261","chromosome condensation","16","0","0","0.00794","1.00153849860862","0.974381678456123","0.816040193186156","1.11391162821557","CeO2_leaves-control_leaves_CeO2"
"73","GO:0019243","methylglyoxal catabolic process to D-lac...","16","0","0","0.00820","1.02490431608332","1.01444295286672","0.946663149622133","1.05349731075789","CeO2_leaves-control_leaves_CeO2"
"74","GO:1902600","hydrogen ion transmembrane transport","264","0","0.01","0.00833","1.01312079793184","1.02541911269323","0.572595915997886","2.1874436017344","CeO2_leaves-control_leaves_CeO2"
"75","GO:0006306","DNA methylation","96","0","0","0.00845","1.01165011085186","1.01386322858978","0.58932498900386","1.36371793521844","CeO2_leaves-control_leaves_CeO2"
"76","GO:0045489","pectin biosynthetic process","72","0","0","0.00858","0.992888733640295","0.988512581855902","0.58228456477221","1.41680712055598","CeO2_leaves-control_leaves_CeO2"
"77","GO:0043631","RNA polyadenylation","38","0","0","0.00859","1.01871822257384","1.02919697375229","0.797100429144276","1.40679903607411","CeO2_leaves-control_leaves_CeO2"
"78","GO:0015866","ADP transport","24","0","0","0.00875","0.951586116624839","0.989344576985418","0.794340208305331","1.52886439616566","CeO2_leaves-control_leaves_CeO2"
"79","GO:0010105","negative regulation of ethylene-activate...","19","0","0","0.00885","0.968087291597576","0.974614521417351","0.636540045759572","1.31372529487429","CeO2_leaves-control_leaves_CeO2"
"80","GO:0006071","glycerol metabolic process","30","0","0","0.00923","0.967158749576049","0.973231141366782","0.714165165004826","1.39107583233454","CeO2_leaves-control_leaves_CeO2"
"81","GO:0035601","protein deacylation","60","0","0","0.00974","1.04166114907038","1.04351233357655","0.603185013329344","1.59522944635667","CeO2_leaves-control_leaves_CeO2"
"82","GO:0016192","vesicle-mediated transport","652","0","0.02","0.01035","1.03640071224092","1.04144849095806","0.595995231147822","1.92374228819933","CeO2_leaves-control_leaves_CeO2"
"83","GO:0019219","regulation of nucleobase-containing comp...","3741","1","0.12","0.01039","1.03367569952073","1.04263653971484","0.445701507749334","2.24187573425452","CeO2_leaves-control_leaves_CeO2"
"84","GO:0031326","regulation of cellular biosynthetic proc...","3966","1","0.13","0.01079","1.03312828940388","1.04283783778666","0.445701507749334","2.24187573425452","CeO2_leaves-control_leaves_CeO2"
"85","GO:0010267","production of ta-siRNAs involved in RNA ...","22","0","0","0.01084","0.975901878330665","0.993820194019161","0.864375756818854","1.21296461006625","CeO2_leaves-control_leaves_CeO2"
"86","GO:0065004","protein-DNA complex assembly","160","1","0.01","0.01096","0.992512452467461","1.00124686255088","0.445701507749334","1.58501787412415","CeO2_leaves-control_leaves_CeO2"
"87","GO:0009889","regulation of biosynthetic process","3986","1","0.13","0.01135","1.03307682121624","1.04275757881947","0.445701507749334","2.24187573425452","CeO2_leaves-control_leaves_CeO2"
"88","GO:0030422","production of siRNA involved in RNA inte...","42","0","0","0.01135","0.989110224152971","1.00406703600757","0.803176180831499","1.28283256895493","CeO2_leaves-control_leaves_CeO2"
"89","GO:0016246","RNA interference","46","0","0","0.01139","1.00180006935304","1.00613640736872","0.803176180831499","1.29285716919906","CeO2_leaves-control_leaves_CeO2"
"90","GO:0006730","one-carbon metabolic process","63","0","0","0.01144","1.00448759470249","1.02397717742993","0.787245367597364","1.36371793521844","CeO2_leaves-control_leaves_CeO2"
"91","GO:0010054","trichoblast differentiation","129","0","0","0.01153","1.02314162730214","1.0265117891521","0.570335467143919","1.45849926355966","CeO2_leaves-control_leaves_CeO2"
"92","GO:0010556","regulation of macromolecule biosynthetic...","3876","1","0.13","0.01156","1.03304000577791","1.0425608953367","0.445701507749334","2.24187573425452","CeO2_leaves-control_leaves_CeO2"
"93","GO:0019252","starch biosynthetic process","49","0","0","0.01158","1.01338412594161","1.01267125881472","0.704749094301786","2.07713229980427","CeO2_leaves-control_leaves_CeO2"
"94","GO:0006260","DNA replication","229","0","0.01","0.01223","1.01175693207015","1.02345397485252","0.516993918845325","1.73920186076292","CeO2_leaves-control_leaves_CeO2"
"95","GO:0048354","mucilage biosynthetic process involved i...","17","0","0","0.01225","0.967979124683091","0.979717652683435","0.84683702969699","1.06552426908295","CeO2_leaves-control_leaves_CeO2"
"96","GO:0060560","developmental growth involved in morphog...","379","0","0.01","0.01227","1.02229519944713","1.02757142912644","0.570335467143919","1.63039676871403","CeO2_leaves-control_leaves_CeO2"
"97","GO:0016049","cell growth","472","0","0.02","0.01273","1.02471826797765","1.02907738359254","0.570335467143919","1.63039676871403","CeO2_leaves-control_leaves_CeO2"
"98","GO:0009664","plant-type cell wall organization","217","0","0.01","0.01274","1.00491580377723","1.00594504092061","0.570335467143919","1.59765708662292","CeO2_leaves-control_leaves_CeO2"
"99","GO:0010468","regulation of gene expression","4189","1","0.14","0.01280","1.03214725101927","1.04173300166344","0.445701507749334","2.24187573425452","CeO2_leaves-control_leaves_CeO2"
"100","GO:0036079","purine nucleotide-sugar transport","15","0","0","0.01323","0.98599693079278","0.993505901948534","0.851127759667824","1.09415416086326","CeO2_leaves-control_leaves_CeO2"
